{
  "cart": {
    "breastcancer": {
      "2": [
        90.0438596491228,
        1.6001259953469027
      ],
      "4": [
        93.15789473684211,
        2.0118149019613534
      ],
      "8": [
        93.2017543859649,
        2.8542490181620925
      ]
    }
  },
  "xgboost": {
    "breastcancer": 97.19298245614036
  }
}