{
  "cart": {
    "monk1": {
      "2": 75.0,
      "4": 83.33333333333334,
      "8": 86.11111111111111
    },
    "monk2": {
      "2": 67.12962962962963,
      "4": 66.66666666666666,
      "8": 65.74074074074075
    },
    "monk3": {
      "2": 80.55555555555556,
      "4": 97.22222222222221,
      "8": 94.44444444444444
    }
  },
  "xgboost": {
    "monk1": 98.61111111111111,
    "monk2": 78.70370370370371,
    "monk3": 97.2222222222222
  }
}