{
  "cart": {
    "mux6": {
      "2": 62.5,
      "4": 62.18,
      "8": 81.12,
      "16": 93.66,
      "32": 100.0,
      "64": 100.0
    },
    "mux11": {
      "2": 56.44,
      "4": 56.48,
      "8": 62.519999999999996,
      "16": 71.0,
      "32": 81.32000000000001,
      "64": 95.6
    }
  },
  "xgboost": {
    "mux6": {
      "acc": 100.0,
      "params": {
        "learning_rate": 0.1,
        "max_depth": 3,
        "n_estimators": 50
      }
    },
    "mux11": {
      "acc": 100.0,
      "params": {
        "learning_rate": 0.1,
        "max_depth": 4,
        "n_estimators": 100
      }
    }
  }
}