{
  "iris": {
    "2": [
      56.888888888888886,
      8.473633762194495
    ],
    "4": [
      92.0,
      3.610683735393759
    ],
    "8": [
      95.11111111111111,
      2.9481109247603574
    ]
  },
  "xor": {
    "2": [
      50.5,
      0.0
    ],
    "4": [
      50.44,
      0.0
    ],
    "8": [
      51.85999999999999,
      0.0
    ]
  },
  "digits": {
    "2": [
      16.38888888888889,
      0.0
    ],
    "4": [
      36.666666666666664,
      0.0
    ],
    "8": [
      54.44444444444444,
      0.0
    ],
    "16": [
      76.94444444444444,
      0.0
    ],
    "32": [
      84.44444444444444,
      0.0
    ]
  }
}